level	page_num	block_num	par_num	line_num	word_num	left	top	width	height	conf	text
1	1	0	0	0	0	0	0	1500	950	-1	
2	1	1	0	0	0	23	17	301	15	-1	
3	1	1	1	0	0	23	17	301	15	-1	
4	1	1	1	1	0	23	17	301	15	-1	
5	1	1	1	1	1	23	17	15	12	22.366867	>*
5	1	1	1	1	2	66	18	8	8	65.392204	©
5	1	1	1	1	3	88	17	86	15	30.464096	c7pfdrive(2)
5	1	1	1	1	4	182	22	2	2	67.829391	-
5	1	1	1	1	5	194	7	22	31	58.454952	cpu
5	1	1	1	1	6	223	7	21	31	58.454952	00%
5	1	1	1	1	7	252	22	2	2	59.480434	-
5	1	1	1	1	8	264	7	24	31	94.282860	mem
5	1	1	1	1	9	295	7	29	31	96.287292	00%
2	1	2	0	0	0	54	38	306	2	-1	
3	1	2	1	0	0	54	38	306	2	-1	
4	1	2	1	1	0	54	38	306	2	-1	
5	1	2	1	1	1	54	38	306	2	95.000000	 
2	1	3	0	0	0	16	50	90	14	-1	
3	1	3	1	0	0	16	50	90	14	-1	
4	1	3	1	1	0	16	50	90	14	-1	
5	1	3	1	1	1	16	51	10	10	89.035271	©
5	1	3	1	1	2	37	50	69	14	69.838814	c7pf-drive
2	1	4	0	0	0	29	89	314	15	-1	
3	1	4	1	0	0	29	89	314	15	-1	
4	1	4	1	1	0	29	89	314	15	-1	
5	1	4	1	1	1	29	89	167	15	52.825970	elliott@spark-dec9:
5	1	4	1	1	2	203	89	140	15	79.520348	/tmp/c7pf-drives
2	1	5	0	0	0	373	18	8	8	-1	
3	1	5	1	0	0	373	18	8	8	-1	
4	1	5	1	1	0	373	18	8	8	-1	
5	1	5	1	1	1	373	18	8	8	96.787827	+
2	1	6	0	0	0	521	50	47	20	-1	
3	1	6	1	0	0	521	50	47	20	-1	
4	1	6	1	1	0	521	50	47	20	-1	
5	1	6	1	1	1	521	50	47	20	61.981449	@s
2	1	7	0	0	0	29	107	521	14	-1	
3	1	7	1	0	0	29	107	521	14	-1	
4	1	7	1	1	0	29	107	521	14	-1	
5	1	7	1	1	1	29	107	98	11	93.243561	Switchboard
5	1	7	1	1	2	138	107	61	11	96.873558	created
5	1	7	1	1	3	210	107	16	11	91.861443	in
5	1	7	1	1	4	237	107	259	14	88.699715	/tmp/c7pf-drive/.switchboard/
5	1	7	1	1	5	509	112	3	2	65.959045	-
5	1	7	1	1	6	524	107	26	14	96.975098	git
2	1	8	0	0	0	31	124	195	14	-1	
3	1	8	1	0	0	31	124	195	14	-1	
4	1	8	1	1	0	31	124	195	14	-1	
5	1	8	1	1	1	31	124	87	14	95.475494	repository
5	1	8	1	1	2	129	124	97	11	96.930611	initialized
2	1	9	0	0	0	37	781	287	15	-1	
3	1	9	1	0	0	37	781	287	15	-1	
4	1	9	1	1	0	37	781	287	15	-1	
5	1	9	1	1	1	37	781	43	12	92.625488	Shell
5	1	9	1	1	2	91	781	70	12	95.364243	commands
5	1	9	1	1	3	172	784	16	9	96.843544	or
5	1	9	1	1	4	199	781	43	15	94.491852	agent
5	1	9	1	1	5	253	781	71	15	26.142445	prompts.
2	1	10	0	0	0	44	814	138	14	-1	
3	1	10	1	0	0	44	814	138	14	-1	
4	1	10	1	1	0	44	814	138	14	-1	
5	1	10	1	1	1	44	815	95	13	24.322147	impic7pf-drive
5	1	10	1	1	2	153	806	8	29	53.599087	|
5	1	10	1	1	3	170	814	12	12	83.870323	©
2	1	11	0	0	0	380	781	6	8	-1	
3	1	11	1	0	0	380	781	6	8	-1	
4	1	11	1	1	0	380	781	6	8	-1	
5	1	11	1	1	1	380	781	6	8	79.134644	2
2	1	12	0	0	0	388	815	55	10	-1	
3	1	12	1	0	0	388	815	55	10	-1	
4	1	12	1	1	0	388	815	55	10	-1	
5	1	12	1	1	1	388	816	32	9	85.646111	100%
5	1	12	1	1	2	424	815	19	10	65.469864	left
2	1	13	0	0	0	406	781	71	15	-1	
3	1	13	1	0	0	406	781	71	15	-1	
4	1	13	1	1	0	406	781	71	15	-1	
5	1	13	1	1	1	406	781	26	12	96.110703	for
5	1	13	1	1	2	443	781	34	15	96.110703	help
2	1	14	0	0	0	473	815	85	12	-1	
3	1	14	1	0	0	473	815	85	12	-1	
4	1	14	1	1	0	473	815	85	12	-1	
5	1	14	1	1	1	473	815	43	10	91.633873	kimi-k3
5	1	14	1	1	2	520	816	38	11	95.862823	(main)
2	1	15	0	0	0	586	774	44	1	-1	
3	1	15	1	0	0	586	774	44	1	-1	
4	1	15	1	1	0	586	774	44	1	-1	
5	1	15	1	1	1	586	774	44	1	95.000000	 
2	1	16	0	0	0	1142	13	16	23	-1	
3	1	16	1	0	0	1142	13	16	23	-1	
4	1	16	1	1	0	1142	13	16	23	-1	
5	1	16	1	1	1	1142	13	16	23	95.000000	 
2	1	17	0	0	0	667	37	637	5	-1	
3	1	17	1	0	0	667	37	637	5	-1	
4	1	17	1	1	0	667	37	637	5	-1	
5	1	17	1	1	1	667	37	637	5	95.000000	 
2	1	18	0	0	0	667	40	637	1	-1	
3	1	18	1	0	0	667	40	637	1	-1	
4	1	18	1	1	0	667	40	637	1	-1	
5	1	18	1	1	1	667	40	637	1	95.000000	 
2	1	19	0	0	0	667	40	643	1	-1	
3	1	19	1	0	0	667	40	643	1	-1	
4	1	19	1	1	0	667	40	643	1	-1	
5	1	19	1	1	1	667	40	643	1	95.000000	 
2	1	20	0	0	0	662	74	653	1	-1	
3	1	20	1	0	0	662	74	653	1	-1	
4	1	20	1	1	0	662	74	653	1	-1	
5	1	20	1	1	1	662	74	653	1	95.000000	 
2	1	21	0	0	0	678	174	620	1	-1	
3	1	21	1	0	0	678	174	620	1	-1	
4	1	21	1	1	0	678	174	620	1	-1	
5	1	21	1	1	1	678	174	620	1	95.000000	 
2	1	22	0	0	0	671	20	630	181	-1	
3	1	22	1	0	0	672	20	629	181	-1	
4	1	22	1	1	0	1052	20	249	14	-1	
5	1	22	1	1	1	1052	20	73	14	54.755253	204
5	1	22	1	1	2	1169	22	14	10	39.500584	me
5	1	22	1	1	3	1197	20	14	14	47.310829	&
5	1	22	1	1	4	1235	29	10	2	44.422325	-
5	1	22	1	1	5	1263	22	10	10	60.332378	Oo
5	1	22	1	1	6	1291	22	10	10	91.898941	x
4	1	22	1	2	0	672	52	621	11	-1	
5	1	22	1	2	1	672	53	14	10	0.000000	82
5	1	22	1	2	2	693	52	87	11	96.172073	Switchboard
5	1	22	1	2	3	1214	53	10	10	68.727554	@
5	1	22	1	2	4	1250	53	10	10	34.422092	KR
5	1	22	1	2	5	1286	55	7	6	93.135262	x
4	1	22	1	3	0	687	97	141	14	-1	
5	1	22	1	3	1	687	101	10	4	42.558136	~
5	1	22	1	3	2	703	88	30	30	87.640900	Back
5	1	22	1	3	3	739	98	12	10	87.640900	to
5	1	22	1	3	4	757	97	37	11	96.761986	board
5	1	22	1	3	5	799	98	29	13	96.511406	(Esc)
4	1	22	1	4	0	671	136	617	30	-1	
5	1	22	1	4	1	671	136	45	30	5.088530	#622
5	1	22	1	4	2	1022	146	108	14	1.155157	#ID—prompt(t)
5	1	22	1	4	3	1166	145	80	15	50.427635	Openfile(o)
5	1	22	1	4	4	1281	149	7	7	44.177505	x
4	1	22	1	5	0	684	183	601	18	-1	
5	1	22	1	5	1	684	183	43	14	96.616264	drive
5	1	22	1	5	2	732	183	47	14	96.958313	demo
5	1	22	1	5	3	784	183	37	14	96.643295	card
5	1	22	1	5	4	826	183	35	18	96.973495	chip
5	1	22	1	5	5	1085	185	8	8	0.000000	‘&
5	1	22	1	5	6	1100	184	24	11	88.266335	Edit
5	1	22	1	5	7	1128	185	16	13	88.266335	(e)
5	1	22	1	5	8	1186	184	19	11	48.915066	<I
5	1	22	1	5	9	1210	184	41	11	79.605881	Delete
5	1	22	1	5	10	1256	184	29	14	94.673332	(Del)
2	1	23	0	0	0	678	204	620	2	-1	
3	1	23	1	0	0	678	204	620	2	-1	
4	1	23	1	1	0	678	204	620	2	-1	
5	1	23	1	1	1	678	204	620	2	95.000000	 
2	1	24	0	0	0	680	215	308	1	-1	
3	1	24	1	0	0	680	215	308	1	-1	
4	1	24	1	1	0	680	215	308	1	-1	
5	1	24	1	1	1	680	215	308	1	95.000000	 
2	1	25	0	0	0	680	214	302	28	-1	
3	1	25	1	0	0	680	214	302	28	-1	
4	1	25	1	1	0	680	214	302	28	-1	
5	1	25	1	1	1	680	214	41	28	95.633453	Inbox
5	1	25	1	1	2	841	226	8	4	0.000000	~
5	1	25	1	1	3	877	223	56	10	49.261436	Features
5	1	25	1	1	4	974	226	8	4	0.000000	.
2	1	26	0	0	0	676	254	363	12	-1	
3	1	26	1	0	0	676	254	363	12	-1	
4	1	26	1	1	0	676	254	363	12	-1	
5	1	26	1	1	1	676	254	363	12	11.320333	.Switchboard/features/2026-09-20-drive-demo-card-chip.md
2	1	27	0	0	0	684	287	225	12	-1	
3	1	27	1	0	0	684	287	225	12	-1	
4	1	27	1	1	0	684	287	225	12	-1	
5	1	27	1	1	1	684	288	32	9	82.421715	Issue
5	1	27	1	1	2	720	293	12	1	82.421715	—
5	1	27	1	1	3	736	287	62	10	85.759216	Ctrl+Enter
5	1	27	1	1	4	801	290	36	9	92.560593	saves,
5	1	27	1	1	5	842	288	19	9	92.560593	Esc
5	1	27	1	1	6	865	287	44	10	75.954597	cancels
2	1	28	0	0	0	675	266	364	1	-1	
3	1	28	1	0	0	675	266	364	1	-1	
4	1	28	1	1	0	675	266	364	1	-1	
5	1	28	1	1	1	675	266	364	1	95.000000	 
2	1	29	0	0	0	681	276	615	1	-1	
3	1	29	1	0	0	681	276	615	1	-1	
4	1	29	1	1	0	681	276	615	1	-1	
5	1	29	1	1	1	681	276	615	1	95.000000	 
2	1	30	0	0	0	711	714	553	1	-1	
3	1	30	1	0	0	711	714	553	1	-1	
4	1	30	1	1	0	711	714	553	1	-1	
5	1	30	1	1	1	711	714	553	1	95.000000	 
2	1	31	0	0	0	711	752	553	1	-1	
3	1	31	1	0	0	711	752	553	1	-1	
4	1	31	1	1	0	711	752	553	1	-1	
5	1	31	1	1	1	711	752	553	1	95.000000	 
2	1	32	0	0	0	675	177	1	629	-1	
3	1	32	1	0	0	675	177	1	629	-1	
4	1	32	1	1	0	675	177	1	629	-1	
5	1	32	1	1	1	675	177	1	629	95.000000	 
2	1	33	0	0	0	1301	177	1	629	-1	
3	1	33	1	0	0	1301	177	1	629	-1	
4	1	33	1	1	0	1301	177	1	629	-1	
5	1	33	1	1	1	1301	177	1	629	95.000000	 
2	1	34	0	0	0	605	808	691	1	-1	
3	1	34	1	0	0	605	808	691	1	-1	
4	1	34	1	1	0	605	808	691	1	-1	
5	1	34	1	1	1	605	808	691	1	95.000000	 
2	1	35	0	0	0	595	720	682	106	-1	
3	1	35	1	0	0	595	717	682	109	-1	
4	1	35	1	1	0	715	720	533	29	-1	
5	1	35	1	1	1	715	720	56	29	85.761795	Created
5	1	35	1	1	2	777	720	45	29	65.145309	#GZM2
5	1	35	1	1	3	1119	719	26	29	93.147362	Undo
5	1	35	1	1	4	1156	719	56	29	30.312271	(ctri#z)
5	1	35	1	1	5	1241	731	7	6	64.425720	x
4	1	35	1	2	0	595	773	682	29	-1	
5	1	35	1	2	1	595	773	27	29	96.197769	auto
5	1	35	1	2	2	1050	783	77	14	0.000000	feTesK(ccoM
5	1	35	1	2	3	1162	784	29	10	66.198463	Save
5	1	35	1	2	4	1198	775	79	29	68.696999	(Ctri+Enter)
4	1	35	1	3	0	612	814	8	12	-1	
5	1	35	1	3	1	612	814	8	12	44.172134	9
2	1	36	0	0	0	662	822	653	1	-1	
3	1	36	1	0	0	662	822	653	1	-1	
4	1	36	1	1	0	662	822	653	1	-1	
5	1	36	1	1	1	662	822	653	1	95.000000	 
2	1	37	0	0	0	662	45	1	799	-1	
3	1	37	1	0	0	662	45	1	799	-1	
4	1	37	1	1	0	662	45	1	799	-1	
5	1	37	1	1	1	662	45	1	799	95.000000	 
2	1	38	0	0	0	677	831	627	13	-1	
3	1	38	1	0	0	677	831	627	13	-1	
4	1	38	1	1	0	677	831	627	13	-1	
5	1	38	1	1	1	677	832	19	9	85.676735	Esc
5	1	38	1	1	2	701	831	66	10	85.676735	back
5	1	38	1	1	3	731	822	12	28	89.540993	to
5	1	38	1	1	4	747	831	20	10	92.517181	the
5	1	38	1	1	5	772	831	34	10	91.011375	board
5	1	38	1	1	6	818	831	34	10	85.084686	eedit
5	1	38	1	1	7	862	822	33	28	49.277832	d/Tab
5	1	38	1	1	8	901	822	30	28	49.277832	reply
5	1	38	1	1	9	942	822	32	28	88.045868	Enter
5	1	38	1	1	10	980	822	44	28	88.045868	discuss
5	1	38	1	1	11	1034	822	22	28	77.701790	por
5	1	38	1	1	12	1054	831	104	13	43.397362	Ctri+Enter
5	1	38	1	1	13	1132	822	29	28	91.246857	plan
5	1	38	1	1	14	1168	833	58	8	87.143028	xexecute
5	1	38	1	1	15	1237	831	44	13	86.750168	vverify
5	1	38	1	1	16	1292	832	12	9	45.548855	De
2	1	39	0	0	0	667	849	642	1	-1	
3	1	39	1	0	0	667	849	642	1	-1	
4	1	39	1	1	0	667	849	642	1	-1	
5	1	39	1	1	1	667	849	642	1	95.000000	 
2	1	40	0	0	0	1314	45	1	799	-1	
3	1	40	1	0	0	1314	45	1	799	-1	
4	1	40	1	1	0	1314	45	1	799	-1	
5	1	40	1	1	1	1314	45	1	799	95.000000	 
