18bd63bb5986668a3b8c4c922bd358be6ad03412	95d6f6ede06542a36e7da31ed8af0c37af979f2e
3c67c2411a2f348e48cc7210137174385bd203e3	4915280d8dbe5a8b2866988dc94beeea4f25d577
1d0be2918c05f54941cbb66c3b5d54f6ab2f699a	c90997b0163b589dfe84abb387852f3aae886f8f
2c7c7774b10a95f070a506c5b504acfc947c02e6	3400f2bce4e2aa58b78725eb02cec105058446b9
63d77a723a36b1f9a87e5d6acbae0de4b27985dc	2ef3912c37bfc45236db55ebf051c959cc0b277d
e3772311bd16b7e41843b91925ee47c1bcc4ea4d	9d779b83ba5ec2f32d850ab44c9eeb552fbbb12f
4a62d57a5dd1c856ff802d7af73ab9c5d6e5289c	9b2fb44989c96b7c1bf01ccaca249e1abecfb8b0
960c0e7084d5273d725e3daeed0c5b0f291c59c0	78c653763e9d53a198292b5db51795dcbde0d406
ddc60ef49310a182ae9e2cb6cfa84ef5c7732d53	42b0c6a2690b58e94eeb0615d41f2ea931f3c056
0fc83778f56b9280c26bacf22c9a29b41c2f6bef	04d7986bab20a734d47284f3fed0b843485ddf09
8c0d9f436842d90717c5021818e9b38a0083e62f	1947a37efbb56b19bdabcefe20bb1eb38be946a4
39b82175e4dc3f20795cbeb2c8106a9d33bd595d	fb990f8917ef7482d7167bce88a0cec0a1ddc878
27e6dd0e13c771cc09f24346d96c3f6478d4dcee	fda25ff98c5eb5befa2a1790446d753b8a9476f6
7e259c9b806f4c737b533b5622a66e87d85c3348	319e1dd641995c6c42cd4b86685f17587ac9b73b
3ea766714a8c729c34f153924fb431355702431a	cc397d5467fc0d31fc4ce946e586109fc1849059
1a70f980917dd08a2760d8098552b60cdf5c9db5	3451a6c1a2eed2bf98a4487781bf3be8a3622ad5
abaf999d7de96bb9eb99d9017ed47e5dacc29556	a9cfae167b62f8907c7722bb4b5001f35a64d8c1
bcab17202a5ff1e8f3ea5de4a8a8287530815734	c7637833f1d64f1ba9a768ab0825d1c4845d8aa6
d2a60b55a4d3c2132f4ef011e0e44f1850fcb266	bcf3f287140a9a56eb0bff896fa177ac8a114c0b
6c334cd35b9b905fa4e70aff724d41fdadff0461	8b72d8eacd99bbb76fd5347fd5799f3019ccc869
557f8b2c2ae38946ea66d493fd35da31538bfd9a	6f2cd70bc7a12bfce58f242f3a8b73d2a1475616
8b9410ade099196687cc52584a00e3966466b65e	9b61b3c01320b4395140f2f1b1f27d2948fa35da
10ecec2e2ff540a991b6843eef533e12a867ff30	27109fe269041349fbdeb28d1356df930238782b
9825875c544ed2687bcda8954ad1ef65aa8648e8	95614b2d109ce7b5fb7f2a47306e2e7c60db5a9b
5112bc2096f30bed4d5b11e87d78ff8388423f76	5e658d1c5cac2fa546bfca2b419b053a2a80a4cd
87bf2f6d851c8da82b671b22469eaaf3dee55ea3	744fc9d23516d4bc46843f55d21c84e1c6655795
fc1e34880cffcbf1d55fe69c7d48e4019a3941cb	0068bcd554e23d2073ab7760ca9743590dbef592
da2c03962ea02ab6299e7479e6d55b8b0718a434	a4dedfbe70deee5f5850038fcd7420b3b375bf93
41cb44db6f9b7553129478b61c1dfca40225a79c	08285ab98f93793b09cc05cec4da5bf7f4b481f2
221bfef78ba820e3da0d03434a5c33d767b2c806	6de48ca6114ed33c2d714a546455a5f89b54eb7d
3e7dce48fc4853fc172cf44d4ecbb1616ed5cd6a	777d9bf47507d3ead5c93e23c414c2cac3f5cc5f
7f778cc7537e4f2f7f4ced967040dcfe54a4a294	3de2451fe993f08601355caf108b32d6eaab6e24
f4ec564272203aeccbd021ee4bf4b347b141d41a	56ea02c7a86100407b2894aad339e0b32da282b0
2e6ad8636b9409f98171eae291c6c8cf47f2500d	8d67ff77859353fd70df601cf75b7d1a9e692f12
b3a7d2ab8ef9461ce942a7415fbc2356115453ca	1d77f3e965cd28008214d5f94f8f89b4832e4189
16763f521310ce7ba7fbb916a9e15ba02dc34c5c	c4f87618c1be9c66a3a73ec0aa7a742599301960
63a1f5c53bb1081423852b7a44c0007b65afcaff	8741fbff8b954752f868e4c123f6d4dadc7c2c44
67083c2ff3b2157d0561514284b47105ce8c9200	1598695facd9adfa81eefc7dd87ae28ea3c6b84b
902cbc1665f30b3dd8b75a3b72112c9de868eaab	20f20ba5cd6b2ed7520351b67d6f31bcdf69b740
01a449fa480773ce42d94003d24290695f4922d9	e0705987e900f3260f002a7fe2d097d6bac08d83
40b5d2ab7f563dba411cb35b87e3e830ac80ca83	cb58b6ed9d8f788125f966f81898b061fa379094
6a25e39d462f76a181369a0f5be7492f42c221ef	7a418429c4bbf694f4382e364451985c08265758
4c774c1c9be4c4d609da3cbffac2ce63066c6fda	61b1b81b649910c53d5b7a5c1139771b35acf888
8e5606efbe4f90318bb7e02144f13145a31a93bc	cb8e66242e838d7c3ebb5e82cb5863da826f4ab4
b922f83d859cd3aa49dc2500b69a51b44209ccb2	7a2322bb7b482c46c97648e473cb75f0f09cd616
d36cc0e593e60bec51e38156904f6f44075c5c6b	9f1fc948d2ec7369e78911c4c3f26345b6936032
ceb4860f99545502ccaf0c544c462d1e5518353c	2ccc9a232212941b3f12fed0d2ae5bd9a119d165
a6013cf20568a903a12b004331cfcf791b244b15	b375d408cc07015d86ee59cc79817da91a901a82
59aa3ad8ce6d203b70d06b795cd1f40a2f5cb4b2	4198c64321c60becec73dfc426ac5b41f5e53140
d90f1ae59af1b4ac8010dad3640f7cbe5a76ffa9	ea06fd45aaaad4aecba9289d3d88c7702d62807a
49dd6a64d9cf70f2a588ba386da3179c4dd70d93	4ac1cec371eb186472e0f76e029be0942ce99167
9ea13f33def45efc340dd4fe6c7ff7e37baefce1	fc27a95e3d1505c7c65b2335f91bc3329fa86ce3
fd9e91a5f335e752b07cd3e39f625f336905b555	eb77ff4189ffd9a3a9b53a46232150af3e881711
6faa482e4ded432f33ad05612821f14aa7bf8777	a8d576ad743e5b4103b388a179ec06428e80a0d0
8024a5f54c6765f50c952685044154a77d3c241a	71decc0e2148d96ee4cfe278264099db1f0edd70
b780bff72ee1e09285deaf49dd8fa827468b08bb	2646d710f3cde5ac49a69701daf8bf1058ecd236
968908f0c98bc221358dea7da8820db414d1b2e8	baa22e173a18e96a5719715f09e397e32034db5a
aefbea8753263b79a04dbe50941201f6a559379a	414d7fbec3f559b1a40d8cce23df841ba177f04c
2392a62c6155e885585b197f79c564c585d61e79	e7ce0a5fd676ed78de1d8a408d529eeb4f3033b4
0809041025ac0b5d4a9e838c0619a379c76f5ea2	3640d8a89a8a311ef6e1256302c524371422cb09
fc6cc067217293d6e5acc731c46ece9f60d024f2	b286c91bd4c5ea54a43c263c251c8bc8b9e969f0
c2792ff7301f06a65ff3a079d16e8799900be86e	4d848e00e7b09f25e97860cb20b53e6c3fcf4fe5
472dd5cc7a96d7047637cb5bd2dc5ae6deff5d83	6200d3e137c54e77d559b6937c12dc6c3c2a1621
aa613e6d70fac5d2b1bc851af3c5072c5b40d853	e4565e30f3aae0dc5b8ddb86b1f957bb63d5ed7a
955f83cc831fca35a2e46c829a4aaa4350962913	a806970414678ac18d5dab1656a39a5860d92f97
cdef2a5c6dc7c9e859482dcdcc7d4a58ccd49a58	f17be288b318444a822ffad00a81eb8327b6d559
195f1d13a218afc1aa997a3f7220f94423a7028c	978180b1ca016b8431128c45465ae90deb317857
17b297afe41e3ae2a419547a2f7c5057e323d4cd	29c260de214da9da975049cdd3279e222696817b
ac0456a5124eff7446d7d003b0ed6516aaa2fe97	476344ade5bf89ef3cf20a2c9dc13a69d3d8e908
0c7788e90a1eb05c63c94baf6e12ada1f309bf9f	220853e1b1b386b52e7e04503deab10792bcff38
99a6fb67105c1f2a0dec1ab1c78492eb43f18fee	ed760a3e386dd6b76004906fad4b14eb6ac53005
416ed0f9db024437ea1e2b16d8c7376cb52a76ff	cd602b2f5045f5c05b17eeb0fffedfb917f4c46a
8018ee8f95f9f97de119d0dd907512f36ae3fee1	f6a103345ca0ec851747af607ad6bee618118763
e0d642c8df0c976ea7219192fd11c38b36d7e162	7d91c59cee6ab5b2616cd8c2d7849ccb187f66ad
4bd0884892dc847e365de62a92411f95fb5ddf5d	babac327c12f6169968c47759c47380da28bd6e2
52ea92455d9257c9531ddf07b544865cb1df0729	3c2e2ba237c64ff932818996c9fc5f39e944f2b0
282ceccfbad181140fb7c34b115d097c65aec8f5	14377f73caf4c2f9c218c044d4f0dc63f79de47a
52f5d4dd0ea6bc31de611f660507a6f809ba2743	68ae77ad089cb5ca76a7fc3800e69c67b3a6b5c2
74b72761f6df4f88f844965677beed6a09a20267	04af4899c5f63b0a8ce55ffaf2372d912dbbca66
c28693debd15e4b2ec2d732a55f9e1ba65b625c4	c883d9d04655943c5ae361e15ae197e0329eddcc
344f30297cda2f712ea6805d63712983ee86b77d	998b47aa5dba7439f0d31b745615b714d21040f5
6eb33206675d9aedff12481ac7532dafd3c3749e	86b7855e268a2f6f2a399737667094f69bd2f042
2041b744207f725e781c4b05ed1cec8c7a009f30	e07024d7d87e25b3fe4cf6728fe3294460d7ce2e
8be88e5b327fd60cea3c1ea279fdd52e469a5e0e	c99ce6c9a06fea21f6e18b8f69a7e1bd2272e78f
8163b4ed8bf0ea70cb68c378fb62f77a0240b374	71662a4909363bf1206ebf3ae69a2259c6eea72e
9aa1b9f7e788864d0d3df097c1ae00c3eda2b3c1	a23f561f00d98d20b1c40aee404ac257ea691316
0da66145bd61a779f2689645cf7f7c26aa4b6a6d	fe15edefd40ba5048dafd58588bf0e38b8ddc2c0
35fa497b22ed8e16b91fefdaf97e37338dae0423	a805ffcf59188b1f96a45c90e7e200b9e8ce40e1
acdbb2d062665661e50cb9edf70269cc19b2729a	b438839e42297fb9b401e1a8c01a654a571c5b08
275d4e27eef21a1e22c7f0831215684318f56595	cfb4f3103e81ade2f424a7278b05aa61ebaa9521
355c1c27d031aec132fb98ce45329821ef8666d7	ac16aff01d555bd48f8bd1b2b7ccbb914b5f09e0
85020a3060d9c208c612b5c1d1b294e81ed4e058	6ade4135b893f3a8ff5e2c6967ce016f807db020
0fbf2cacedaa2aa1d00983b505ba6429b9ee336d	9fd890f34434cfa8b288dc24be2fc50edc33a474
7beab86210758421838898f85d2fc68d51a98dfb	24f11e3308508c7a25a712954b0afc221e562850
9f1032d962160d5e1d5fdb43668023e8312cfd79	8cb52cf7df74d04fede7589dbf2a3bcabc343e58
15ee6c5aa51836a72afb9aedfa0fd60fee1dee58	87af187170455cc53105594caae4f14c5d27c8f5
c43874b93e2de5fe5aa48d25a08450dbdddb998f	61237b41e007b184262f6c0fd3ca34ef01cce425
f60949c599411ab51b9a80b1627104fa47271315	302b3760c730ea691384540f3c51c0b9f978064e
8559e157e08f01c2e468aa5c3a8b41772e78c583	bb652c06121bdff1f20759909983c9500f3f4e75
d4b283504aa22cb274656044205f9ec115063c79	e9f2f522cb861d81d618573f1c944ec6f5c4da71
a48c2b09dcad2403de5e36434cfa787a346673c0	333fc5205389e27f37166844e656b621e46f5814
3b3092dc5db4f15327b882bfab78e80a6a557138	7a482241957680dc18c40e2be4fe92db6ca8a377
e5b1a648d096126e7c4ab409c5875dd5b0e5fe30	0182a49b2256d929c244fba37dcb34eb25fc0460
d138dc638e9ee9ae0481bf3aadde20e7ad19a723	1ebf862213334d78592dcb48b6839030fcf19047
db8a0b1d3fc0731c770bd17d01103c541a8f5fc7	cfa6c3396ee69ff24ffdd36e3aa4bbcec3e7703c
23f3616e3a0e80c8675cf92029602c23f69690c8	0cb41c876dcc861d486bf375e9398c1d96d0ceef
0a79ac4a51887b095d967c9c39257501be671fd9	aff001e21acf188062efc0e38f03bc09e15b6917
085cdec827c4d8d9fcfc62f082084c2f3fb488e7	c41340c602fdf0ff6edf86d607ec0f6ec0c6c313
179043fc38b03af8b23c110487799046de69d2ed	0e9c88fbee09b2f31ce4c2261ba303c398597e64
0ccf9604ccc4b584c84087f78c652213e79f28f7	d89402fb8d458d281ec5e27e1bce3f59fd031520
50729449054bb143c0c076a8603f6617aff48f43	b51072ff174cf77da189edc7cb6dcdc308708ed2
c45d3fabae9a40520f6ec36c9a783d36a81e10a4	e613d73cccba0b3acf6b78ac1c6917e223ec860d
d46a6b99a65d24ceff4436ca83283f64cdaa527b	483ed8073f0ceb43095b7f1bd64ed240aee17b4c
465bce25faf44120b3781cab56c83f6458f51dd0	03c704487eea7ef1ffb007e37ff0336d2982d043
48e86790b7f53f4387f75f722c04bb535820aa30	bbd517ad5bc7b13204ae0e3fd75b3a8faa55a481
521d3f974c265024a86bdc38b834e6f16e55dc10	e6febb9f34a5c244f69a184dbf5f146845b89a61
2af0f59f11b7d829416056671a949c698188e8e3	784e91ea1c794b4ea32cfa35effad5719bec009d
176254515062052467454a8d81d026797628a0c9	8994137a90edb375643647130457593c19276621
4646a7e68e3ab1a58929a931cb7209f4d26fc0f8	441f530727860b5635f6f1f49baa40841fcf2c6d
c3002af822def85eafbf5a5ed3572ab7431675b2	e0ad8f8be34eac946f5d1b655ebc47bc1ef3996f
7b7f258bfe12d727a5f1359285547d7047e84ca2	db1f2ca2d417dbd8a8d62355bc8b18cf63138a3e
02e76d3ba34e76f29f5f0a2e15b36b31dbff698d	5ce949b449c42b816f4d147118a14bda48c9aca6
8ab46f8d372ce71f7f5730314b4dbffcc98b6e12	3763e005ea8fed9c2950a1a6f54442443978859f
dc68472d2da3a3375baa87a5b6f2116e90c5dd97	082df4a074f71f0a1321db98ec9fe08ffa52632c
ba8ccd869a41f785cbf83ad4f57eb564863cc11c	58a0763bbe58e8cb8a97e83b7185323d4ec3a09e
ab332cd1b40a061a30b482b942011c69d59b093a	ffa0fd150a3c50eb3a439ade28d5607d32d9c4e1
2f848becea3e08b8a8d6a75051905ba0adaae27d	e0ad8fc316003f67cfddae41dd45c49e13c9f965
5a42c8b1d567a9b73e6e85f502bf8cbfa9340f66	5dd675515dd9ed42f074138c3eebff1e22f4ccf2
25d168e450157e4b043c4b357b40b668a17dca21	4dd1811e74e1ab2935ccb0743d175b8658e2314e
e5a0bc03b73f9980eec2b6167a71a057f1b00539	f263aa20374e037ca313da2d9f0ebc3e38d48bcf
37d660ae174d1330f7e928dbe64ccae647b6d4f1	03713f959d25b0ec814e94e274407f3851bad692
dcf3fbbcf86682cd89e97ad081d66301a6f5c368	ea5cdf9f0ded1511ffbb41badf5955e5345d8da5
78e36479eec044daca241ec42b15673ff09b727e	daf06f1d2ab74e47668d0486178a1d8dfe989eda
503933ca1ac9417f02cca810358f678baf52c0cc	13909113122c04c5b500e9abf749467e6e3d8d09
543c6119cce31eb4673e4cdc365ee62651169856	7a4a0b5869fc0921a385dce72f8ec931954bbf69
b8de61728e5bf39a076b6a6f015dd758e000a489	7e4e0c45b88d5d64f9416e7c7cb77eda8b697d33
6c4b363b9f567182a9430a2be6501e7010b1666f	4ad5fe87c98f4a4cfa28c6080eb7a5f452d2d1a6
9b007791cb2886dcd5f11255fbf27055fb69a164	e7bff4df4af66f5e6a27815bb5f9d9760e62dc62
d87c23c0ff99e458314226b29966e9933ce69a17	b6d903676de8e161b84b0334eeb4dcf3598f6cf1
c0fcb08388caf95107fbae56ae3367cdf3444983	2d6ce8a3610beb9d14d5eaaf0f33df899e554741
98823eb9269244e0d11af016fddd2db3a5882e7c	39311402dba72f236b25c3315ad9062be083715e
73fac9839fb30b6d892613b9443d06a712b542c6	3d3b9587054e27fdd66a5b6d0618e4bb519994ab
7ce5c2ef486686b266473b8a2ae785d6b7cc39fc	ce17f7c625010c5661a6316b44931f0f64f3cc6f
339d0f930a342a4b83d10c18162537cc48587c94	6eeed6585b0adf666bc3962e3197036612a2bd2e
0e1988843e50c6a65c1a9d319385788af4cf6dcd	d946bf6ce8987ae7e4d6fbe2bc378c30705a8f26
8d725727c81a39c8b75e598fa4ca435762ff985f	ab196217c947fe33791ab036161a1f9234c1949d
6c6f75ef66edc6b95e7afc158cb50a840f71415e	39ab2fb92ffc519161b4fa72c60c4d7956172a73
459c2e59b8148f266816c66ea3cfc0439fe7deb3	64c7788d3950d2d975f80eb1f28d67119e9902fc
bc1fda0fcf593d99e3b7a355fd5ae0736f025ea3	f045145e789685d0071581d84cd5f9f18f7f9065
b37a9e546c3f38453e32d392eabda021efcc156f	5c2118b47e82989a72e45415c4e53d48681927e1
16a1e6b6623d715a62e048e69c14e332ce83c491	5c30d62c95225753f0a5f0f77f8e754992862bf4
45d9c2402cf1ffec4787822dc1aad7438ab4dbc7	971689813701f3c8e750e9912853fc71663d74f3
d9c744c9b332ff8876c374d2344322056c0501a0	77e4f6b5100f05757f97a92ed4573cead3e86a78
430b82736c63e5503fe9b93f55d4672454f51b91	b70c33bf8359782237c73b5085d375cf115ad9d3
03e6e361eeffbcaf43dbe0a79ff36e27b0ca2333	7cea51a7b1dd06fb670c27dd41d1b1811019fd1a
cce7e8a041130763c714855a6361e72df61be3c1	9dae2f07ff8b5a4522e50c1f765eb1ece163a290
0157252fdc6f692595d7d445ddf30e0e7d2057c5	27d6a97e18dba1875739652111a5d537bd5aabc5
9d588bbfc20278e692a9cfe5e7c1e577b2185cc7	7e8558f22fec509795b364da9c2db4264c346090
64c95e0a6388236e3096b9a0235745b5cdfb1028	611841d99029686c5781575d2b5ebe2c21f3ce16
5d03cda05a096d7dd0f26e0baa2412252725c258	798ba14496151da6256be45f1c069ed79c1cb409
b438bc43336c987dd7ffc2843bff1400d0a4a2d0	26d84e020b4a468287197069e20b0332e198a570
3878a21645bb5a3cb7a5ac134d2f63b42d747215	d7b8f4ee0db0e93656b7a537aef32ede8161e7c3
b87dc9d559097ae57273dd806b0d0f87c05cbfcc	66dbb29c12c32a051346cbfec790b73668ebc32a
8581b721fe8baf3d495cc2a8ddaaa6f4c651e8c0	041c5a592977cfe0555cde5519c5e2c53b6a2209
b5a36996405692aec6eec86922386d1dec529b9a	dc4563cbabcaefefec00785fb21463650ebc1d0b
48cdadf3c04a9ec59e50744483688ea6f1c83c4c	473a4cfd522b05e32785899209c4b6f10fe3d608
2d2df86d6b22f08289360c800b12783c77dada68	504d76297d2f883706c2f534e05fc7bc821fba5d
93bd067867a3f0382e254a12a2e01ae6f5d68639	4cc444e3693baa13d5cc01d019753016cbeff616
71c9259c6d76cc415fa710a1aca9f0aa47356efc	3bf1665d94ad256d7a62200bcbc94eed706cd462
e474e811ee739122ba0bbcd20b35cb370f494278	80085c861ac32112d1e620dd4daa7e7b2439e036
bb265e0249c290ed39a5965f0f283cd617030ca6	b942a6f230e54f3311debf10aa8da2130ad9a474
51ef58416e3f79455fe9a52ec551c27858f156c8	9891397629acf56746ae57172c6472fefd7d89ae
6f66ca9c434cd455f370214af03d0703a8064c2a	5b9ce8cd76c166f6a2c09a47ddfc718b96a82f61
